,Our method,"scRNA, Wilcoxon","scRNA, T-test","scRNA, COMET"
proximal tubule,0.9671287128712871,0.8879207920792078,0.8887128712871287,0.905940594059406
glomerulus,0.9827586206896551,0.7870689655172414,0.7905172413793105,0.7913793103448276
distal tubule,0.9458689458689459,0.9525166191832859,0.9572649572649573,0.9316239316239316
collecting duct,0.9597222222222223,0.8069444444444445,0.8541666666666666,0.8097222222222221
overall,0.9638696254130276,0.8586127053060448,0.8726654341495158,0.8596665145625969
